{
    "name": "masked_token_length",
    "data": {
        "1": 6085,
        "2": 21671,
        "3": 27168,
        "4": 23293,
        "5": 14759,
        "6": 12056,
        "7": 10215,
        "8": 7445,
        "9": 5050,
        "10": 3421,
        "11": 2047,
        "12": 1119,
        "13": 675,
        "14": 287,
        "15": 146,
        "16": 62,
        "17": 36,
        "18": 23,
        "19": 19,
        "20": 8,
        "21": 6,
        "22": 7,
        "23": 2,
        "24": 2,
        "25": 1,
        "26": 2,
        "28": 2,
        "30": 1,
        "33": 1,
        "34": 3
    },
    "total": 135612,
    "statistics": {
        "total_elements": 135612,
        "max_value": 34.0,
        "min_value": 1.0,
        "avg_value": 4.683199126920922,
        "std_value": 2.6325963749691477
    },
    "draw_option": {
        "visualization_type": "histogram",
        "title_x": "Długość słowa",
        "title_y": "Liczba wystąpień",
        "other_label_name": "-",
        "map_key_to_label_name": {}
    }
}